subject_id,survey,age,sex,noun1c,noun1v,noun1s,noun2c,noun2v,noun2s,noun3c,noun3v,noun3s,noun4c,noun4v,noun4s,noun5c,noun5v,noun5s,noun6c,noun6v,noun6s,noun7c,noun7v,noun7s,noun8c,noun8v,noun8s,noun9c,noun9v,noun9s,noun10c,noun10v,noun10s,tnoun10,noun11v,noun11s,tnoun11,noun12c,noun12v,noun12s,tnoun12,noun13c,noun13v,noun13s,tnoun13,verb14c,verbs14v,verbs14s,tverb14,adjec15c,adject15,adjec15s,tadjec15,noun16c,noun16v,noun16s,tnoun16,pron17c,pron17v,pron17s,tpron17,quest18c,quest18v,quest18s,tquest18,prep19c,prep19v,prep19s,tprep19,quant20c,quant20v,quant20s,tquant20,verb21v,verb21s,tverb21,conn22v,conn22s,tconn22,inounv,inouns,tinoun,iverbv,iverbs,tiverb,onoun,overb,complex,sent,survey_vocab_max,spoken,signed,understood,understood_imputed,produced
ID_9E38CA33AEF46923,WS,,F,,10,0,,25,0,,10,0,,20,0,,12,0,,22,0,,18,0,,11,0,,11,0,,6,0,6,11,0,11,,11,0,11,,36,0,36,,21,0,21,,1,0,1,,1,0,1,0,0,0,0,,6,0,6,,3,0,3,0,0,0,0,0,0,0,0,0,0,2,0,2,0,0,0,0,0,1,5,690,235,0,,235,235
ID_E5F68E3B785D1496,WG,15,M,2,2,0,4,0,0,2,0,0,2,0,0,3,0,0,0,0,0,1,0,0,3,0,0,1,0,0,0,0,0,,0,0,,2,0,0,2,8,0,0,8,1,0,0,1,1,0,0,1,0,0,0,0,0,0,0,0,0,0,0,0,1,0,0,1,1,0,0,1,0,0,0,,,0,,,,,,,,,,,396,2,0,32,32,2
ID_552C5DF4D0B8F27A,WG,15,M,,5,0,9,0,0,1,0,0,6,0,0,5,0,0,6,0,0,6,0,0,11,0,0,9,0,0,4,0,0,,0,0,,6,0,0,6,14,0,0,14,12,0,0,12,2,0,0,2,0,0,0,0,0,0,0,0,0,0,0,0,0,0,0,0,0,0,0,0,0,0,0,,,0,,,,,,,,,,,396,5,0,,5,5
ID_229B71A92E126B38,WG,16,M,2,0,0,3,1,0,1,0,0,0,0,0,0,0,0,0,0,0,0,0,0,0,0,0,0,0,0,4,0,0,,0,0,,0,0,0,0,4,2,0,6,10,0,0,10,3,0,0,3,0,0,0,0,0,0,0,0,1,0,0,1,4,0,0,4,0,0,0,0,0,0,0,,,0,,,,,,,,,,,396,3,0,32,32,3
ID_4DCB3D6F525A8583,WG,18,M,4,2,0,11,1,0,3,0,0,4,0,0,11,0,0,4,0,0,2,0,0,9,0,0,3,0,0,2,0,0,,0,0,,6,0,0,6,10,1,0,11,12,0,0,12,4,0,0,4,0,0,0,0,0,0,0,0,0,0,0,0,0,0,0,0,0,0,0,0,0,0,0,,,0,,,,,,,,,,,396,4,0,85,85,4
ID_F545795A84CD1812,WG,20,F,4,1,0,4,0,0,1,0,0,3,0,0,3,0,0,3,0,0,1,0,0,4,0,0,2,0,0,0,0,0,,0,0,,3,0,0,3,10,1,0,11,8,0,0,8,4,0,0,4,0,0,0,0,1,0,0,1,1,0,0,1,1,0,0,1,1,0,0,1,0,0,0,,,0,,,,,,,,,,,396,2,0,54,54,2
ID_BFCE9B4A87A96637,WG,20,F,,1,0,5,0,0,2,0,0,4,0,0,5,0,0,5,0,0,3,0,0,4,0,0,5,0,0,2,0,0,,0,0,,3,0,0,3,12,0,0,12,7,0,0,7,6,0,0,6,0,0,0,0,1,0,0,1,1,0,0,1,0,0,0,0,1,0,0,1,0,0,0,,,0,,,,,,,,,,,396,1,0,,1,1
ID_9004DF70EA82DE6D,WG,21,F,4,5,0,11,1,0,3,1,0,5,1,0,11,0,0,10,0,0,17,0,0,19,0,0,14,0,0,7,0,0,,0,0,,5,4,0,9,13,0,0,13,38,0,0,38,8,1,0,9,1,0,0,1,0,0,0,0,3,0,0,3,7,0,0,7,5,0,0,5,0,0,0,,,0,,,,,,,,,,,396,13,0,181,181,13
ID_B67A2B910A848F91,WG,22,F,5,2,0,12,0,0,2,0,0,6,0,0,7,0,0,3,0,0,7,0,0,8,0,0,3,0,0,3,0,0,,0,0,,3,0,0,3,10,3,0,13,24,0,0,24,5,1,0,6,0,0,0,0,0,0,0,0,1,0,0,1,4,0,0,4,0,0,0,0,0,0,0,,,0,,,,,,,,,,,396,6,0,103,103,6
ID_1B3BD5D46C713EE7,WG,22,F,1,10,0,6,3,16,,0,6,2,1,4,9,3,11,12,2,1,,1,16,6,0,14,8,0,7,9,5,0,,0,0,,3,3,5,11,4,5,4,13,28,3,14,45,11,1,7,19,0,0,0,0,4,0,0,4,2,0,0,2,5,0,0,5,,1,0,1,0,0,0,,,0,,,,,,,,,,,396,38,105,,105,143
ID_194B7F0E92EA972C,WG,23,M,2,6,0,5,0,8,3,0,2,2,0,3,3,0,3,6,0,0,15,1,0,6,0,3,7,0,1,6,0,1,,0,0,,3,3,2,8,5,4,1,10,18,4,0,22,1,1,2,4,0,0,0,0,0,0,0,0,1,0,0,1,1,1,1,3,1,0,0,1,0,0,0,,,0,,,,,,,,,,,396,20,27,85,85,47
ID_AE491DF048B58FA4,WG,23,F,10,0,0,20,0,0,8,0,0,8,0,0,15,0,0,11,0,0,18,0,0,21,0,0,11,0,0,9,0,0,,0,0,,12,0,0,12,17,0,0,17,45,0,0,45,17,0,0,17,1,0,0,1,5,0,0,5,2,0,0,2,8,0,0,8,2,0,0,2,0,0,0,,,0,,,,,,,,,,,396,0,0,240,240,0
ID_CC953066D9B06156,WG,23,F,2,8,1,8,2,3,2,0,1,5,1,0,7,2,4,8,0,1,16,0,0,7,0,6,11,0,2,4,0,5,,0,0,,2,5,0,7,5,7,4,16,28,1,8,37,9,0,3,12,0,0,0,0,2,0,0,2,2,1,0,3,1,2,0,3,,2,0,2,0,0,0,,,0,,,,,,,,,,,396,31,38,,38,69
ID_C542B2F9709E77E3,WS,25,F,,5,0,,0,4,0,0,0,,1,0,,2,1,0,0,0,0,0,0,,0,2,0,0,0,,0,1,1,0,0,0,,3,0,3,,4,0,4,,1,0,1,0,0,0,0,0,0,0,0,0,0,0,0,,1,0,1,0,0,0,0,0,0,0,0,0,0,0,0,0,0,0,0,0,0,0,0,0,0,0,1,690,17,8,,17,25
ID_E5F68E3B785D1496,WG,25,M,7,0,0,14,0,0,5,0,0,6,0,0,8,0,0,6,0,0,10,0,0,15,0,0,11,0,0,6,0,0,,0,0,,8,0,0,8,7,0,0,7,20,0,0,20,5,0,0,5,0,0,0,0,0,0,0,0,1,0,0,1,4,0,0,4,1,0,0,1,0,0,0,,,0,,,,,,,,,,,396,0,0,134,134,0
ID_B046F2553E84CC83,WG,28,F,4,2,0,8,2,0,1,0,0,5,0,0,13,0,0,11,0,0,11,0,0,9,0,0,4,0,0,2,0,0,,0,0,,2,4,0,6,9,3,0,12,13,0,0,13,11,0,0,11,0,0,0,0,0,0,0,0,0,0,0,0,2,1,0,3,1,0,0,1,0,0,0,,,0,,,,,,,,,,,396,12,0,106,106,12
ID_2FFB2EEE2DDD13BA,WG,29,M,3,2,4,,4,11,1,0,0,2,0,0,,1,1,,0,1,2,0,0,2,1,0,1,0,0,0,0,0,,0,0,,,2,0,2,,1,0,1,4,2,1,7,,0,3,3,0,0,0,0,0,0,0,0,0,0,0,0,0,0,0,0,,0,1,1,0,0,0,,,0,,,,,,,,,,,396,13,22,,22,35
ID_6F9C6AF1F5611DD5,WS,30,M,,7,0,,7,4,,2,1,0,0,0,,1,3,,0,2,,0,6,0,0,0,0,0,0,0,0,0,0,0,0,0,,2,1,3,,6,0,6,,0,2,2,0,0,0,0,0,0,0,0,0,0,0,0,0,0,0,0,0,0,0,0,0,0,0,0,0,0,0,0,0,0,0,0,0,0,0,0,0,0,0,1,690,25,19,,25,44
ID_0AC84F0CD9862BB0,WG,30,M,,1,0,2,0,0,2,0,0,6,0,0,6,0,0,3,0,0,1,0,0,4,0,0,7,0,0,6,0,0,,0,0,,3,0,0,3,5,0,0,5,11,0,0,11,6,0,0,6,0,0,0,0,0,0,0,0,0,0,0,0,4,0,0,4,0,0,0,0,0,0,0,,,0,,,,,,,,,,,396,1,0,,1,1
ID_C374CE829C2C5BE7,WG,30,F,1,5,0,4,1,0,,1,0,8,0,0,3,0,0,9,0,0,7,1,0,11,0,0,5,0,0,3,0,0,,0,0,,6,0,0,6,7,6,0,13,19,1,0,20,6,0,0,6,0,0,0,0,0,0,0,0,0,0,0,0,0,0,0,0,1,0,0,1,0,0,0,,,0,,,,,,,,,,,396,15,0,,15,15
ID_C6AFF83F127EF50F,WG,30,M,2,7,0,22,5,0,3,0,0,5,2,0,8,1,0,6,0,0,16,2,0,14,1,0,7,1,0,10,1,0,,0,0,,1,5,0,6,10,4,0,14,25,1,0,26,6,0,0,6,0,0,0,0,0,0,0,0,1,0,0,1,3,3,0,6,1,0,0,1,0,0,0,,,0,,,,,,,,,,,396,33,0,140,140,33
ID_1611C5A691F566CB,WG,31,F,3,3,0,11,1,0,1,1,0,5,0,0,4,0,0,10,0,0,19,0,0,26,0,0,19,0,0,7,0,0,,0,0,,2,3,0,5,10,3,0,13,51,0,0,51,17,0,0,17,0,0,0,0,1,0,0,1,1,0,0,1,8,1,0,9,1,0,0,1,0,0,0,,,0,,,,,,,,,,,396,12,0,196,196,12
ID_C542B2F9709E77E3,WS,32,F,,8,0,,8,1,,0,1,,2,2,,3,1,,0,1,,0,1,,0,4,,0,1,,0,1,1,0,0,0,,5,3,8,,6,1,7,,1,0,1,,0,1,1,0,0,0,0,0,0,0,0,,1,0,1,,0,1,1,,1,0,1,0,0,0,0,0,0,0,0,0,0,0,0,0,0,0,1,690,35,19,,35,54
ID_DE9D038D6776175E,WG,32,M,,0,10,1,0,28,2,0,6,3,1,4,5,0,16,8,0,3,4,0,14,15,0,9,12,0,4,9,0,8,,0,0,,6,3,4,13,10,0,9,19,23,0,27,50,16,0,6,22,,0,1,1,5,0,2,7,1,0,3,4,8,0,3,11,5,0,1,6,0,0,0,,,0,,,,,,,,,,,396,4,158,,158,162
ID_A7A7EC40C4E21950,WG,32,F,1,11,0,9,20,0,4,4,0,2,6,0,15,11,0,12,5,0,18,1,0,26,3,0,16,2,0,11,7,0,,0,0,,1,11,0,12,3,14,0,17,44,5,0,49,28,0,0,28,1,1,0,2,1,1,0,2,1,1,0,2,7,2,0,9,2,2,0,4,0,0,0,,,0,,,,,,,,,,,396,107,0,202,202,107
ID_AE491DF048B58FA4,WG,34,F,5,2,0,6,3,8,,6,1,2,4,1,5,9,1,8,2,1,17,0,0,26,0,0,18,0,0,15,0,0,,0,0,,8,0,0,8,10,6,0,16,47,0,0,47,14,0,0,14,0,0,0,0,0,0,0,0,2,0,0,2,7,0,0,7,1,1,0,2,0,0,0,,,0,,,,,,,,,,,396,33,12,,33,45
ID_CEBD1F6C4348C78C,WS,35,M,,6,0,,2,18,,0,10,,0,8,,0,14,,0,13,,0,18,,0,20,,0,10,,2,6,8,0,4,4,,0,11,11,,0,11,11,,1,19,20,,0,18,18,0,0,0,0,0,0,0,0,0,0,0,0,,0,2,2,,0,1,1,0,0,0,0,0,0,1,0,1,0,0,0,0,0,0,2,690,11,183,,183,194
ID_7784FD0A04CD4B1E,WG,35,M,2,10,0,12,6,0,6,2,0,8,0,0,2,16,0,5,10,0,12,5,0,10,15,0,12,9,0,10,6,0,,0,0,,,6,0,6,8,11,0,19,36,15,0,51,19,5,0,24,0,0,0,0,4,1,0,5,2,0,0,2,3,6,0,9,4,2,0,6,0,0,0,,,0,,,,,,,,,,,396,125,0,,125,125
ID_67475C74967B9ADB,WG,35,M,5,6,0,25,1,0,7,1,0,7,1,0,19,3,0,13,1,0,18,0,0,25,1,0,17,0,0,19,0,0,,0,0,,13,0,0,13,14,3,0,17,51,2,0,53,23,0,0,23,2,0,0,2,6,0,0,6,3,0,0,3,9,0,0,9,3,0,0,3,0,0,0,,,0,,,,,,,,,,,396,19,0,279,279,19
ID_824AB5F99CBE838E,WG,35,M,2,0,7,17,0,6,7,0,0,3,0,4,6,0,2,4,0,3,10,2,1,11,0,3,11,0,2,8,2,0,,0,0,,7,1,0,8,6,0,4,10,28,0,0,28,9,1,0,10,1,0,0,1,0,0,0,0,0,0,0,0,1,0,0,1,1,0,0,1,0,0,0,,,0,,,,,,,,,,,396,6,32,132,132,38
ID_CEBD1F6C4348C78C,WG,35,M,5,6,0,4,2,17,,0,7,1,0,6,,0,12,,0,13,1,0,17,6,1,19,6,0,9,6,11,9,,0,0,,3,0,8,11,9,0,10,19,29,0,17,46,9,0,16,25,0,0,0,0,0,0,0,0,3,0,0,3,6,0,2,8,1,0,1,2,0,0,0,,,0,,,,,,,,,,,396,20,163,,163,183
ID_42AABF16DEB289BD,WS,36,M,,8,0,,11,6,,6,1,,6,0,,9,9,,5,0,,12,0,,12,3,,10,0,,8,0,8,4,0,4,,10,0,10,,10,0,10,,11,0,11,,15,0,15,0,0,0,0,0,0,0,0,,1,0,1,,2,0,2,,2,0,2,0,0,0,0,0,0,0,0,0,0,0,0,0,0,0,2,690,142,19,,142,161
ID_A552B0BF7E3F9C98,WS,36,F,,11,0,,23,0,,10,0,,11,0,,31,0,,17,0,,24,0,,35,0,,19,0,,14,0,14,8,0,8,,12,0,12,,17,0,17,,75,0,75,,28,0,28,0,0,0,0,,1,0,1,0,0,0,0,,9,0,9,,3,0,3,1,0,1,0,0,0,2,0,2,0,0,0,0,0,4,4,690,349,0,,349,349
ID_E2D545B5D0C98939,WG,36,M,4,1,0,22,0,0,4,0,0,5,0,0,11,0,0,6,0,0,11,0,0,12,0,0,6,0,0,8,0,0,,0,0,,4,3,0,7,11,0,0,11,12,0,0,12,3,0,0,3,0,0,0,0,0,0,0,0,1,0,0,1,1,0,0,1,1,0,0,1,0,0,0,,,0,,,,,,,,,,,396,4,0,122,122,4
ID_42AABF16DEB289BD,WG,36,M,1,11,0,9,11,6,4,3,1,1,6,0,3,12,2,6,6,0,7,12,0,14,9,2,4,13,0,7,11,1,,0,0,,4,7,1,12,5,11,0,16,33,8,1,42,10,10,1,21,0,0,0,0,0,0,0,0,1,0,1,2,4,3,0,7,,2,0,2,0,0,0,,,0,,,,,,,,,,,396,135,16,,135,151
ID_C525BBCE747BF9F6,WS,37,F,,5,0,,6,7,,5,2,,5,1,,6,0,,5,0,,1,18,,11,4,,5,1,,4,3,7,0,2,2,,6,2,8,,9,1,10,,9,7,16,,4,2,6,0,0,0,0,,5,0,5,0,0,0,0,,7,0,7,,1,0,1,1,0,1,0,0,0,1,0,1,0,0,0,1,0,0,2,690,95,50,,95,145
ID_CD8895F634B01BEC,WG,37,F,,10,0,3,8,0,1,5,0,3,3,0,4,6,0,8,3,0,8,7,0,10,5,0,12,1,0,3,5,0,,0,0,,2,11,0,13,2,13,0,15,24,13,0,37,8,3,0,11,0,0,0,0,3,1,0,4,1,2,0,3,5,4,0,9,,2,0,2,0,0,0,,,0,,,,,,,,,,,396,102,0,,102,102
ID_9004DF70EA82DE6D,WG,37,F,2,10,0,13,18,0,2,6,0,1,7,0,7,14,0,7,9,0,5,14,0,22,11,0,13,8,0,6,15,0,,0,0,,5,9,0,14,7,11,0,18,43,11,0,54,23,10,0,33,5,3,0,8,6,2,0,8,5,0,0,5,5,6,0,11,4,2,0,6,0,0,0,,,0,,,,,,,,,,,396,166,0,181,181,166
ID_DEEE0F9E238DA693,WS,38,M,,6,1,,4,11,,0,4,,0,4,,0,8,,0,2,0,0,0,,0,5,,0,1,,0,5,5,1,0,1,,1,2,3,,1,5,6,,0,1,1,,0,4,4,0,0,0,0,0,0,0,0,0,0,0,0,,2,1,3,0,0,0,0,0,0,0,0,0,0,0,0,0,0,0,0,0,0,0,2,690,15,54,,54,69
ID_260FEE1864D48A82,WS,38,M,,9,0,,4,29,,2,10,,3,12,,4,23,,2,1,,4,11,,1,15,,1,6,,1,12,13,0,6,6,,10,4,14,,6,10,16,,3,52,55,,1,20,21,0,0,0,0,,0,2,2,,0,1,1,,4,0,4,,1,1,2,0,0,0,0,0,0,1,0,1,0,0,0,0,0,0,5,690,56,215,,215,271
ID_A17908E81F2DE590,WS,38,M,,4,5,,2,21,,5,6,,0,2,,0,6,0,0,0,,0,13,,0,5,,0,6,,1,5,6,3,4,7,,4,4,8,,1,10,11,,1,20,21,,0,7,7,,0,1,1,,0,1,1,,0,1,1,,1,0,1,,0,1,1,0,0,0,0,0,0,0,4,4,0,0,0,0,0,0,2,690,22,118,,118,140
ID_B67A2B910A848F91,WG,38,F,3,9,0,3,19,0,2,5,0,2,4,0,2,17,0,3,5,0,9,10,0,12,17,0,7,8,0,1,16,0,,0,0,,2,10,0,12,5,12,0,17,29,22,0,51,11,12,0,23,1,0,0,1,,3,0,3,1,1,0,2,6,4,0,10,2,2,0,4,0,0,0,,,0,,,,,,,,,,,396,176,0,,176,176
ID_229B71A92E126B38,WG,38,M,2,10,0,13,15,0,3,6,0,1,7,0,10,8,0,11,4,0,5,14,0,11,16,0,10,8,0,7,12,0,,0,0,,1,8,0,9,7,11,0,18,31,23,0,54,11,10,0,21,2,0,0,2,5,3,0,8,2,1,0,3,4,7,0,11,6,1,0,7,0,0,0,,,0,,,,,,,,,,,396,164,0,142,142,164
ID_C3C5A601163003FC,WS,39,M,,8,0,,9,16,,2,3,,2,2,,5,6,,1,3,,0,19,,2,7,,0,2,,0,2,2,0,1,1,,5,0,5,,3,6,9,,0,15,15,,0,4,4,0,0,0,0,,0,1,1,0,0,0,0,,0,4,4,0,0,0,0,0,0,0,0,0,0,0,0,0,0,0,0,0,0,0,1,690,37,91,,91,128
ID_E5F68E3B785D1496,WG,39,M,1,10,0,12,12,0,3,7,0,3,4,0,8,11,0,6,6,0,11,5,0,15,9,0,10,7,0,14,5,0,,0,0,,6,6,0,12,2,13,0,15,32,9,0,41,17,8,0,25,,1,0,1,2,0,0,2,1,0,0,1,5,2,0,7,,2,0,2,0,0,0,,,0,,,,,,,,,,,396,117,0,,117,117
ID_C374CE829C2C5BE7,WG,39,F,,9,0,1,3,8,,0,3,2,0,4,2,0,4,9,0,0,15,0,0,14,0,0,10,0,0,9,0,0,,0,0,,7,0,0,7,11,0,0,11,18,0,0,18,9,0,0,9,0,0,0,0,0,0,0,0,2,0,0,2,2,0,0,2,1,0,0,1,0,0,0,,,0,,,,,,,,,,,396,12,19,,19,31
ID_552C5DF4D0B8F27A,WG,39,M,2,9,0,6,13,0,5,4,0,5,3,0,13,6,0,4,5,0,11,4,0,17,5,0,12,2,0,11,2,0,,0,0,,3,5,0,8,9,8,0,17,42,1,0,43,11,3,0,14,0,0,0,0,2,0,0,2,0,0,0,0,5,1,0,6,1,1,0,2,0,0,0,,,0,,,,,,,,,,,396,72,0,159,159,72
ID_6F628B368077D77F,WG,39,M,6,4,0,24,3,0,5,1,0,4,2,0,11,4,0,11,0,0,13,1,0,17,0,0,13,0,0,12,1,0,,0,0,,10,0,0,10,10,4,0,14,28,0,0,28,14,0,0,14,0,0,0,0,2,0,0,2,3,0,0,3,6,1,0,7,2,0,0,2,0,0,0,,,0,,,,,,,,,,,396,21,0,191,191,21
ID_67475C74967B9ADB,WG,39,M,3,5,4,2,0,28,2,1,4,1,0,7,1,3,15,13,0,0,18,0,0,26,0,3,15,0,0,10,3,8,,0,0,,1,0,12,13,7,2,9,18,25,2,28,55,18,1,11,30,4,0,1,5,5,0,2,7,2,0,1,3,9,1,0,10,,0,4,4,0,0,0,,,0,,,,,,,,,,,396,18,137,,137,155
ID_CC953066D9B06156,WG,41,F,,11,0,4,28,0,2,7,0,2,6,0,1,26,0,3,16,0,2,17,0,10,22,0,6,16,0,4,17,0,,0,0,,4,11,0,15,1,18,0,19,20,35,0,55,6,26,0,32,1,4,0,5,6,4,0,10,4,1,0,5,,11,0,11,4,1,0,5,0,0,0,,,0,,,,,,,,,,,396,277,0,,277,277
ID_05B76A8F371EA6A3,WS,42,F,,4,0,,1,19,,0,5,,0,3,,1,9,,0,1,0,0,0,,0,12,,0,8,,0,16,16,0,2,2,,2,6,8,,0,6,6,,0,4,4,,0,7,7,0,0,0,0,0,0,0,0,0,0,0,0,0,0,0,0,0,0,0,0,0,0,0,0,0,0,0,0,0,0,0,0,0,0,0,1,690,8,98,,98,106
ID_194B7F0E92EA972C,WS,42,M,,10,0,,12,5,,7,0,,5,2,,15,3,,4,3,,11,0,,11,8,,3,4,,9,2,11,3,2,5,,11,2,13,,8,3,11,,14,17,31,,10,12,22,,1,0,1,,3,0,3,0,0,0,0,,5,3,8,,1,2,3,0,0,0,0,0,0,1,0,1,1,0,1,0,0,1,2,690,143,68,,143,211
ID_DDB6B602C6CA4B74,WS,42,M,,9,0,,33,0,,10,0,,17,0,,45,0,,22,0,,25,0,,39,0,,20,0,,18,0,18,8,0,8,,21,0,21,,16,0,16,,56,0,56,,41,0,41,,4,0,4,,6,0,6,,1,0,1,,6,0,6,,2,0,2,0,0,0,0,0,0,2,0,2,0,0,0,0,0,2,2,690,399,0,,399,399
ID_BFCE9B4A87A96637,WG,42,F,2,10,0,9,25,0,1,7,0,1,6,0,3,25,0,3,15,0,3,16,0,6,23,0,6,13,0,2,18,0,,0,0,,2,13,0,15,2,15,0,17,33,15,0,48,16,15,0,31,3,1,0,4,9,0,0,9,4,0,0,4,5,3,0,8,4,2,0,6,0,0,0,,,0,,,,,,,,,,,396,222,0,114,114,222
ID_9F39CCBFFBA4F608,WS,43,M,,9,0,,11,2,,7,1,,6,0,,6,2,,8,0,,5,0,,10,5,,5,0,,6,0,6,1,0,1,,6,1,7,,8,0,8,,19,1,20,,11,1,12,0,0,0,0,,2,0,2,0,0,0,0,,4,0,4,,1,0,1,0,0,0,0,0,0,0,0,0,0,0,0,0,0,0,2,690,125,13,,125,138
ID_4DCB3D6F525A8583,WG,43,M,3,9,0,17,9,0,6,2,0,4,4,0,16,7,0,10,4,0,12,5,0,25,6,0,17,2,0,15,5,0,,0,0,,5,5,0,10,12,5,0,17,45,3,0,48,13,2,0,15,1,0,0,1,1,0,0,1,2,0,0,2,6,0,0,6,1,1,0,2,0,0,0,,,0,,,,,,,,,,,396,69,0,211,211,69
ID_F545795A84CD1812,WG,43,F,1,11,0,16,7,0,4,3,0,2,5,0,12,11,0,4,6,0,9,9,0,21,7,0,16,5,0,12,5,0,,0,0,,8,7,0,15,8,8,0,16,41,10,0,51,26,2,0,28,0,0,0,0,2,0,0,2,3,0,0,3,7,2,0,9,2,1,0,3,0,0,0,,,0,,,,,,,,,,,396,99,0,194,194,99
ID_4BB36A4B776F49B4,WS,44,F,,10,0,,20,0,,3,0,,7,0,,23,0,,9,0,,8,0,,9,0,,6,0,,4,0,4,1,0,1,0,0,0,0,,12,0,12,,8,0,8,,3,0,3,0,0,0,0,,2,0,2,0,0,0,0,,2,0,2,,1,0,1,0,0,0,0,0,0,1,0,1,0,0,0,0,0,0,3,690,128,0,,128,128
ID_67475C74967B9ADB,WG,44,M,6,6,0,29,2,0,7,1,0,7,1,0,23,2,0,16,0,0,17,2,0,35,0,0,19,1,0,23,1,0,,0,0,,15,1,0,16,13,5,0,18,54,1,0,55,29,2,0,31,8,0,0,8,7,1,0,8,4,0,0,4,10,1,0,11,4,0,0,4,0,0,0,,,0,,,,,,,,,,,396,27,0,326,326,27
ID_CEBD1F6C4348C78C,WG,44,M,6,6,0,9,24,0,,9,0,,8,0,2,25,0,2,14,0,,19,0,7,28,0,4,18,0,6,21,0,,0,0,,7,13,0,20,4,15,0,19,40,15,0,55,16,15,0,31,8,0,0,8,3,0,0,3,3,0,0,3,3,8,0,11,4,2,0,6,0,0,0,,,0,,,,,,,,,,,396,240,0,,240,240
ID_169CC2616E97F79A,WS,45,F,,8,0,,0,33,,0,8,,1,7,,1,15,,0,5,,0,19,,0,16,,2,4,,0,15,15,0,7,7,,4,12,16,,6,6,12,,1,30,31,,1,20,21,0,0,0,0,,0,1,1,,0,2,2,,0,4,4,,0,1,1,0,0,0,0,0,0,0,1,1,0,0,0,0,0,0,4,690,24,205,,205,229
ID_B4D5E6176110B90B,WS,45,F,,5,0,,0,26,,1,9,,2,7,,1,15,,0,3,,2,20,,2,6,,0,2,,0,6,6,2,2,4,,1,13,14,,8,2,10,,1,30,31,,2,11,13,0,0,0,0,,1,0,1,0,0,0,0,,3,4,7,0,0,0,0,0,0,0,0,0,0,1,0,1,0,0,0,0,0,0,1,690,31,156,,156,187
ID_DBA4B63329BFE0B7,WS,45,M,,10,0,,12,1,,6,0,,6,0,,10,1,,7,0,,4,0,,11,0,,4,0,,5,1,6,2,0,2,,8,1,9,,11,0,11,,9,6,15,,7,4,11,0,0,0,0,,2,0,2,0,0,0,0,,4,0,4,,2,0,2,0,0,0,0,0,0,0,0,0,0,0,0,0,0,0,2,690,120,14,,120,134
ID_F545795A84CD1812,WG,45,F,1,9,0,2,20,0,,7,0,,8,0,1,11,0,1,8,0,,16,0,7,17,0,4,12,0,2,9,0,,0,0,,,6,0,6,3,14,0,17,12,22,0,34,7,5,0,12,,1,0,1,0,0,0,0,2,0,0,2,,6,0,6,0,0,0,0,0,0,0,,,0,,,,,,,,,,,396,171,0,,171,171
ID_1AD4AA0F10B579B6,WG,45,F,3,9,0,8,17,0,5,4,0,5,3,0,12,11,0,2,13,0,6,13,0,21,12,0,11,9,0,15,6,0,,0,0,,9,6,0,15,9,8,0,17,47,5,0,52,26,7,0,33,4,0,0,4,5,0,0,5,2,0,0,2,7,0,0,7,3,0,0,3,0,0,0,,,0,,,,,,,,,,,396,123,0,200,200,123
ID_1B3BD5D46C713EE7,WS,46,F,,9,0,,1,17,,0,7,,2,4,,3,11,,1,4,,0,21,,0,16,,0,7,,0,5,5,0,3,3,,3,6,9,,4,6,10,,1,15,16,,1,12,13,0,0,0,0,,1,0,1,,0,1,1,,1,5,6,,1,0,1,0,0,0,0,0,0,0,0,0,0,0,0,0,0,0,1,690,28,140,,140,168
ID_1611C5A691F566CB,WS,46,F,,11,1,,8,8,,1,4,,5,0,,4,1,,3,0,,4,0,,3,0,,1,0,,3,0,3,1,0,1,,9,0,9,,8,0,8,,5,0,5,,11,0,11,0,0,0,0,,3,0,3,0,0,0,0,,7,0,7,,1,0,1,0,0,0,0,0,0,0,0,0,0,0,0,0,0,3,4,690,88,14,,88,102
ID_C542B2F9709E77E3,WG,46,F,,10,0,,13,0,4,2,0,2,5,0,2,6,0,5,2,0,14,1,0,8,3,0,10,1,0,3,3,0,,0,0,,2,10,0,12,7,9,0,16,17,2,0,19,4,7,0,11,0,0,0,0,0,0,0,0,2,0,0,2,4,2,0,6,,1,0,1,0,0,0,,,0,,,,,,,,,,,396,77,0,,77,77
ID_1611C5A691F566CB,WG,46,F,,12,1,13,12,7,2,1,3,3,5,0,6,3,4,13,3,0,14,5,0,28,2,3,22,1,1,16,1,3,,0,0,,7,8,0,15,8,10,0,18,46,6,2,54,24,6,3,33,6,0,0,6,,3,0,3,2,0,0,2,6,5,0,11,4,1,0,5,0,0,0,,,0,,,,,,,,,,,396,84,27,,84,111
ID_6F9C6AF1F5611DD5,WG,46,M,6,6,0,11,12,0,7,2,0,3,4,0,8,14,0,10,2,0,11,7,0,15,2,0,10,5,0,6,3,0,,0,0,,4,5,0,9,8,9,0,17,33,2,0,35,19,2,0,21,0,0,0,0,0,0,0,0,1,0,0,1,5,0,0,5,1,0,0,1,0,0,0,,,0,,,,,,,,,,,396,75,0,158,158,75
ID_AA120147B7C2708C,WS,47,F,,11,0,,8,0,,2,0,,6,0,,10,0,,7,0,,4,0,,7,0,,7,0,,3,0,3,1,0,1,,6,0,6,,11,0,11,,7,0,7,,11,0,11,0,0,0,0,,4,0,4,,2,0,2,,6,0,6,,2,0,2,1,0,1,0,0,0,1,0,1,0,0,0,1,0,0,1,690,116,0,,116,116
ID_89A8DF1CE10B0AC6,WS,47,F,,8,0,,9,2,,5,0,,9,0,,13,1,,5,0,,8,0,,13,1,,5,0,,9,0,9,1,0,1,,4,0,4,,9,0,9,,12,2,14,,13,1,14,0,0,0,0,,4,0,4,,1,0,1,,7,0,7,,2,0,2,0,0,0,0,0,0,1,0,1,1,0,1,0,0,0,4,690,137,7,,137,144
ID_1D6989FAD159668F,WS,47,F,,12,0,,43,0,,12,0,,17,0,,56,0,,26,0,,25,0,,40,0,,26,0,,26,0,26,16,0,16,,23,0,23,,24,0,24,,98,0,98,,59,0,59,,7,0,7,,16,0,16,,4,0,4,,23,0,23,,14,0,14,11,0,11,2,0,2,3,0,3,4,0,4,2,0,21,7,690,578,0,,578,578
ID_AE491DF048B58FA4,WG,47,F,10,0,0,12,15,0,5,4,0,3,5,0,16,9,0,15,4,0,12,7,0,29,7,0,17,5,0,18,7,0,,0,0,,8,10,0,18,6,13,0,19,43,12,0,55,22,9,0,31,4,1,0,5,10,1,0,11,5,0,0,5,8,3,0,11,6,2,0,8,0,0,0,,,0,,,,,,,,,,,396,114,0,249,249,114
ID_C8BB632B295E2AE2,WG,47,M,3,7,0,4,3,19,3,0,6,1,0,5,4,0,15,1,0,7,,0,15,9,1,8,3,1,1,4,0,7,,0,0,,1,0,6,7,10,3,1,14,22,1,9,32,10,0,9,19,0,0,0,0,0,0,0,0,3,0,0,3,2,0,2,4,,1,0,1,0,0,0,,,0,,,,,,,,,,,396,17,110,,110,127
ID_89A8DF1CE10B0AC6,WG,47,F,3,9,0,10,10,0,5,3,0,2,6,0,11,13,0,11,5,0,9,9,0,20,14,0,15,6,0,8,7,0,,0,0,,7,4,0,11,9,10,0,19,42,8,0,50,18,9,0,27,2,0,0,2,1,4,0,5,1,1,0,2,4,5,0,9,1,1,0,2,0,0,0,,,0,,,,,,,,,,,396,124,0,179,179,124
ID_AA120147B7C2708C,WG,47,F,,11,0,8,6,0,3,2,0,3,3,0,6,6,0,4,4,0,8,3,0,9,4,0,5,3,0,9,3,0,,0,0,,,6,0,6,3,10,0,13,22,5,0,27,12,9,0,21,0,0,0,0,,2,0,2,,2,0,2,4,2,0,6,,2,0,2,0,0,0,,,0,,,,,,,,,,,396,83,0,,83,83
ID_85DFAE61BC36A219,WS,48,F,,12,0,,31,0,,10,0,,15,0,,40,0,,18,0,,22,0,,30,0,,21,0,,21,0,21,11,0,11,,14,0,14,,14,0,14,,62,0,62,,37,0,37,,5,0,5,,6,0,6,,2,0,2,,11,0,11,,5,0,5,4,0,4,1,0,1,3,0,3,0,0,0,0,0,6,7,690,391,0,,391,391
ID_0C8B843159CFA84E,WS,48,M,,10,0,,7,0,,2,0,,4,0,,5,0,,6,0,,9,0,,6,0,,5,1,,2,0,2,1,0,1,,6,0,6,,7,3,10,,4,1,5,,7,0,7,0,0,0,0,,1,0,1,0,0,0,0,0,0,0,0,,1,0,1,0,0,0,0,0,0,1,0,1,0,0,0,3,0,0,2,690,83,5,,83,88
ID_CEBD1F6C4348C78C,WS,48,M,,11,0,,22,0,,10,0,,5,0,,16,0,,6,0,,10,0,,17,0,,11,0,,9,0,9,5,0,5,,12,0,12,,10,0,10,,13,0,13,,13,0,13,0,0,0,0,,1,0,1,0,0,0,0,,3,0,3,,2,0,2,0,0,0,0,0,0,1,0,1,0,0,0,0,0,0,3,690,176,0,,176,176
ID_3F951C3E55027D77,WS,48,F,,11,0,,20,0,,6,0,,13,0,,33,0,,20,0,,21,0,,31,0,,22,0,,10,0,10,8,0,8,,15,0,15,,18,0,18,,55,0,55,,12,0,12,,1,0,1,,6,0,6,,1,0,1,,6,0,6,,3,0,3,4,0,4,0,0,0,3,0,3,1,0,1,0,0,10,4,690,316,0,,316,316
ID_869D5BDF167540C3,WS,50,M,,10,0,,35,0,,12,0,,16,0,,46,0,,22,0,,24,0,,37,0,,25,0,,22,0,22,13,0,13,,25,0,25,,21,0,21,,73,0,73,,45,0,45,,4,0,4,,12,0,12,,4,0,4,,15,0,15,,7,0,7,4,0,4,1,0,1,3,0,3,7,0,7,0,1,25,8,690,472,0,,472,472
ID_C3C5A601163003FC,WS,50,M,,8,0,,12,17,,3,5,,5,0,,20,2,,3,3,,10,12,,7,6,,3,5,,7,4,11,5,1,6,,8,3,11,,10,3,13,,8,25,33,,8,5,13,,1,1,2,,1,0,1,0,0,0,0,,5,0,5,,1,0,1,0,0,0,0,0,0,1,0,1,0,0,0,0,0,0,1,690,125,92,,125,217
ID_67475C74967B9ADB,WS,51,M,,12,0,,19,14,,8,2,,7,3,,23,11,,12,1,,13,0,,12,9,,8,3,,8,11,19,6,5,11,,12,11,23,,8,4,12,,26,26,52,,20,22,42,,1,0,1,,4,0,4,,1,0,1,,11,1,12,,3,1,4,1,0,1,0,0,0,1,0,1,0,0,0,0,0,0,4,690,215,124,,215,339
ID_2EBB15F78BDCD198,WS,52,F,,6,0,,18,0,,7,0,,10,0,,25,0,,9,0,,18,0,,20,0,,6,0,,11,0,11,5,0,5,,9,0,9,,10,0,10,,17,0,17,,13,0,13,0,0,0,0,,3,0,3,,1,0,1,,5,0,5,,2,0,2,0,0,0,0,0,0,2,0,2,0,0,0,0,0,1,5,690,195,0,,195,195
ID_EBAC4DC9D0522906,WS,52,F,,6,0,,5,18,,0,6,,4,2,,0,17,,2,3,,0,17,,0,19,,2,6,,0,14,14,0,7,7,,4,6,10,,6,11,17,,2,38,40,,2,22,24,,0,4,4,,1,6,7,,0,4,4,,1,6,7,,0,5,5,0,0,0,0,0,0,0,0,0,0,0,0,0,0,0,2,690,35,211,,211,246
ID_F5582422ADB7DC95,WS,52,M,,11,0,,25,0,,7,0,,10,0,,24,0,,11,0,,21,0,,29,0,,8,0,,8,0,8,4,0,4,,8,0,8,,8,0,8,,37,0,37,,10,0,10,0,0,0,0,,1,0,1,0,0,0,0,,4,0,4,,1,0,1,0,0,0,0,0,0,2,0,2,0,0,0,0,0,0,1,690,227,0,,227,227
ID_F388D5CE5C44DB12,WS,53,F,,8,0,,6,9,,2,5,,3,1,,7,4,,5,0,,2,18,,8,8,,4,3,,2,1,3,5,0,5,,7,4,11,,8,6,14,,4,4,8,,2,12,14,0,0,0,0,,2,0,2,,1,0,1,,0,6,6,,1,0,1,0,0,0,0,0,0,1,0,1,0,0,0,0,0,1,2,690,77,81,,81,158
ID_B046F2553E84CC83,WG,53,F,5,5,0,7,12,0,2,2,0,3,3,0,5,8,0,6,7,0,9,5,0,9,7,0,7,3,0,6,2,0,,0,0,,3,5,0,8,4,9,0,13,19,11,0,30,12,9,0,21,,1,0,1,,2,0,2,3,1,0,4,1,6,0,7,1,1,0,2,0,0,0,,,0,,,,,,,,,,,396,99,0,,99,99
ID_9E38CA33AEF46923,WS,54,F,,10,0,,33,0,,12,0,,11,0,,32,0,,20,0,,26,0,,32,0,,24,0,,18,0,18,13,0,13,,19,0,19,,17,0,17,,72,0,72,,42,0,42,,7,0,7,,15,0,15,,3,0,3,,16,0,16,,7,0,7,7,0,7,2,0,2,2,0,2,1,0,1,3,3,11,10,690,436,0,,436,436
ID_276EFC64515709BA,WS,54,M,,12,0,,40,0,,12,0,,17,0,,42,0,,15,0,,25,0,,43,0,,23,0,,25,0,25,14,0,14,,22,0,22,,18,0,18,,50,0,50,,60,0,60,,7,0,7,,19,0,19,,6,0,6,,20,0,20,,6,0,6,5,0,5,0,0,0,2,0,2,0,0,0,0,0,3,4,690,481,0,,481,481
ID_E48FE60F17B4319C,WS,55,F,,11,0,,36,0,,11,0,,13,0,,38,0,,18,0,,23,0,,34,0,,21,0,,15,0,15,11,0,11,,19,0,19,,23,0,23,,90,0,90,,45,0,45,,3,0,3,,6,0,6,,1,0,1,,11,0,11,,8,0,8,5,0,5,2,0,2,3,0,3,6,0,6,1,6,5,5,690,442,0,,442,442
ID_EC374F22A830F500,WS,55,F,,12,0,,25,0,,10,0,,12,0,,35,0,,14,0,,19,0,,30,0,,11,0,,17,0,17,5,0,5,,14,0,14,,20,0,20,,37,0,37,,25,0,25,0,0,0,0,0,0,0,0,0,0,0,0,,8,0,8,,2,0,2,0,0,0,0,0,0,3,0,3,0,0,0,0,0,0,3,690,296,0,,296,296
ID_7784FD0A04CD4B1E,WS,55,M,,11,1,,29,1,,10,1,,13,4,,31,8,,16,9,,18,6,,41,5,,20,6,,18,9,27,11,4,15,,14,8,22,,16,9,25,,48,44,92,,19,28,47,,6,1,7,,6,0,6,,2,0,2,,13,4,17,,5,1,6,4,5,9,0,0,0,3,1,4,5,12,17,0,0,3,5,690,351,154,,351,505
ID_A29A48CCFC649F48,WS,56,M,,11,0,,42,0,,11,0,,12,0,,36,0,,16,0,,21,0,,23,0,,11,0,,12,0,12,6,0,6,,16,0,16,,19,0,19,,43,0,43,,27,0,27,,1,0,1,,5,0,5,,3,0,3,,9,0,9,,5,0,5,6,0,6,0,0,0,1,0,1,0,0,0,0,0,1,4,690,335,0,,335,335
ID_CEBD1F6C4348C78C,WG,56,M,,9,0,2,25,0,,9,0,1,7,0,3,11,2,7,6,0,2,17,0,9,17,0,9,10,0,2,19,0,,0,0,,4,8,0,12,4,12,2,18,30,23,1,54,8,15,0,23,3,3,0,6,,2,0,2,3,0,0,3,4,10,0,14,3,2,0,5,0,0,0,,,0,,,,,,,,,,,396,205,5,,205,210
ID_C8BB632B295E2AE2,WS,57,M,,8,0,,13,11,,2,5,,3,1,,17,3,,7,0,,9,3,,7,2,,7,0,,4,0,4,3,0,3,,4,4,8,,4,3,7,,15,8,23,,9,4,13,0,0,0,0,0,0,0,0,0,0,0,0,,5,1,6,,2,1,3,0,0,0,0,0,0,1,0,1,0,0,0,0,0,0,4,690,119,46,,119,165
ID_438A15F82EEE186D,WG,57,F,3,4,1,2,2,10,1,0,2,,1,2,4,1,12,6,1,2,2,0,10,10,0,6,8,2,4,2,0,8,,0,0,,3,1,4,8,7,8,1,16,23,2,9,34,6,0,8,14,1,0,0,1,0,0,0,0,1,0,0,1,4,0,0,4,,0,1,1,0,0,0,,,0,,,,,,,,,,,396,22,80,,80,102
ID_42AABF16DEB289BD,WS,59,M,,8,0,,24,0,,7,0,,8,0,,18,0,,12,0,,19,0,,19,0,,11,0,,12,0,12,9,0,9,,13,0,13,,10,0,10,,16,0,16,,17,0,17,,1,0,1,,1,0,1,,1,0,1,,2,0,2,,1,0,1,1,0,1,0,0,0,1,0,1,0,0,0,0,0,0,3,690,210,0,,210,210
ID_08ACFFDDD10BB1A1,WS,59,M,,12,0,,32,0,,10,0,,17,0,,38,0,,16,0,,20,0,,21,0,,15,0,,14,0,14,7,0,7,,15,0,15,,17,0,17,,51,0,51,,34,0,34,0,0,0,0,,6,0,6,,3,0,3,,11,0,11,,6,0,6,8,0,8,4,0,4,3,0,3,9,0,9,2,3,19,5,690,353,0,,353,353
ID_3496323692B3671B,WG,59,M,,10,0,,28,0,2,5,0,1,4,0,1,16,0,6,4,0,1,16,0,3,14,0,9,6,0,,5,0,,0,0,,,10,0,10,3,5,4,12,15,1,0,16,4,4,1,9,0,0,0,0,0,0,0,0,0,0,0,0,0,0,0,0,,1,0,1,0,0,0,,,0,,,,,,,,,,,396,129,5,,129,134
ID_6F9C6AF1F5611DD5,WG,59,M,10,2,0,11,24,0,1,8,0,,7,0,1,24,0,6,6,0,6,13,0,15,14,0,9,11,0,10,12,0,,0,0,,,12,0,12,2,15,0,17,41,13,0,54,19,11,0,30,5,0,0,5,2,0,0,2,2,0,0,2,6,1,0,7,1,0,0,1,0,0,0,,,0,,,,,,,,,,,396,173,0,,173,173
ID_89A8DF1CE10B0AC6,WS,60,F,,11,0,,20,0,,4,0,,14,0,,28,0,,7,0,,20,0,,27,0,,11,0,,13,0,13,8,0,8,,13,0,13,,16,0,16,,47,0,47,,31,0,31,,3,0,3,,2,0,2,,9,0,9,,2,0,2,,2,0,2,0,0,0,0,0,0,1,0,1,1,0,1,0,0,0,5,690,288,0,,288,288
ID_8F777C9A0ABBA22B,WG,60,M,,12,0,4,27,0,,8,0,2,6,0,4,16,0,7,6,0,10,7,0,15,5,0,13,5,0,8,5,0,,0,0,,3,6,0,9,5,9,0,14,31,4,0,35,19,6,0,25,1,0,0,1,4,1,0,5,2,1,0,3,4,1,0,5,2,1,0,3,0,0,0,,,0,,,,,,,,,,,396,126,0,,126,126
ID_C64B83BB09DCB78F,WG,60,M,,11,0,1,23,0,,8,0,1,5,0,1,16,0,,12,0,1,17,0,8,18,0,3,14,0,5,19,0,,0,0,,4,10,0,14,2,12,0,14,12,34,0,46,4,20,0,24,,3,0,3,,1,0,1,,3,0,3,2,3,0,5,,3,0,3,0,0,0,,,0,,,,,,,,,,,396,232,0,,232,232
ID_C542B2F9709E77E3,WS,61,F,,10,0,,14,0,,4,0,,7,0,,11,0,,5,0,,14,0,,8,0,,6,0,,4,0,4,1,0,1,,11,0,11,,15,0,15,,7,0,7,,11,0,11,0,0,0,0,,3,0,3,,3,0,3,0,0,0,0,,1,0,1,0,0,0,0,0,0,1,0,1,0,0,0,0,0,0,2,690,135,0,,135,135
ID_C64B83BB09DCB78F,WS,61,M,,11,0,,24,0,,11,0,,9,0,,20,0,,15,0,,18,0,,23,0,,17,0,,20,0,20,10,0,10,,13,0,13,,13,0,13,,39,0,39,,28,0,28,,3,0,3,,2,0,2,,3,0,3,,3,0,3,,4,0,4,0,0,0,0,0,0,0,0,0,0,0,0,0,0,3,6,690,286,0,,286,286
ID_1AD4AA0F10B579B6,WS,61,F,,11,0,,34,0,,13,0,,17,0,,53,0,,27,0,,26,0,,47,0,,31,0,,29,0,29,19,0,19,,26,0,26,,24,0,24,,93,0,93,,60,0,60,,11,0,11,,17,0,17,,4,0,4,,20,0,20,,10,0,10,10,0,10,4,0,4,3,0,3,3,0,3,4,0,7,5,690,582,0,,582,582
ID_85DFAE61BC36A219,WS,61,F,,12,0,,36,0,,13,0,,18,0,,63,0,,27,0,,27,0,,49,0,,31,0,,30,0,30,20,0,20,,29,0,29,,25,0,25,,101,0,101,,61,0,61,,12,0,12,,23,0,23,,7,0,7,,23,0,23,,16,0,16,20,0,20,6,0,6,4,0,4,12,0,12,0,2,37,11,690,643,0,,643,643
ID_9401F11F38E8BD94,WS,61,F,,10,0,,39,0,,12,0,,15,0,,54,0,,25,0,,24,0,,46,0,,26,0,,26,0,26,16,0,16,,24,0,24,,24,0,24,,96,0,96,,58,0,58,,9,0,9,,11,0,11,,2,0,2,,15,0,15,,7,0,7,7,0,7,1,0,1,3,0,3,1,0,1,0,0,22,5,690,546,0,,546,546
ID_731F1BADD111A15B,WG,62,F,1,8,0,5,16,7,2,5,1,3,3,0,5,12,3,4,6,0,3,7,7,2,6,2,4,6,0,2,2,2,,0,0,,,4,2,6,4,6,1,11,8,6,1,15,4,5,1,10,0,0,0,0,,1,0,1,1,0,0,1,,4,1,5,2,2,0,4,0,0,0,,,0,,,,,,,,,,,396,99,28,,99,127
ID_EC374F22A830F500,WS,64,F,,12,0,,29,0,,12,0,,17,0,,43,0,,23,0,,20,0,,35,0,,21,0,,20,0,20,12,0,12,,16,0,16,,19,0,19,,73,0,73,,37,0,37,,3,0,3,,3,0,3,,2,0,2,,2,0,2,,4,0,4,3,0,3,0,0,0,3,0,3,0,0,0,0,0,4,5,690,406,0,,406,406
ID_42AABF16DEB289BD,WG,64,M,,10,0,,20,0,3,6,0,,7,0,,15,0,,12,0,,18,0,16,5,0,2,13,0,11,7,1,,0,0,,5,9,0,14,7,8,1,16,32,9,0,41,15,7,0,22,0,0,0,0,0,0,0,0,1,1,0,2,2,3,0,5,,1,0,1,0,0,0,,,0,,,,,,,,,,,396,151,2,,151,153
ID_9E38CA33AEF46923,WS,65,F,,12,0,,37,0,,13,0,,15,0,,49,0,,25,0,,25,0,,42,0,,27,0,,27,0,27,16,0,16,,24,0,24,,20,0,20,,89,0,89,,52,0,52,,9,0,9,,14,0,14,,6,0,6,,18,0,18,,12,0,12,11,0,11,4,0,4,5,0,5,4,0,4,0,12,14,10,690,543,0,,543,543
ID_EC374F22A830F500,WS,65,F,,12,0,,29,0,,12,0,,17,0,,43,0,,23,0,,20,0,,36,0,,21,0,,20,0,20,12,0,12,,16,0,16,,19,0,19,,73,0,73,,37,0,37,,3,0,3,,3,0,3,,2,0,2,,3,0,3,,4,0,4,3,0,3,0,0,0,3,0,3,0,0,0,0,0,4,5,690,408,0,,408,408
ID_E48FE60F17B4319C,WS,65,F,,12,0,,43,0,,11,0,,17,0,,47,0,,23,0,,25,0,,46,0,,28,0,,26,0,26,15,0,15,,21,0,21,,23,0,23,,92,0,92,,47,0,47,,7,0,7,,8,0,8,,1,0,1,,13,0,13,,8,0,8,15,0,15,2,0,2,3,0,3,4,0,4,0,0,20,6,690,528,0,,528,528
ID_E33ADE657109EBB8,WG,66,F,3,8,0,,0,27,,0,8,,0,8,3,0,19,,0,13,8,0,12,16,0,16,8,0,10,8,0,15,,0,0,,2,0,10,12,1,0,6,7,8,0,47,55,6,0,23,29,2,0,0,2,2,0,4,6,2,0,0,2,2,0,7,9,0,0,0,0,0,0,0,,,0,,,,,,,,,,,396,8,225,,225,233
ID_7F2251D36B6C8446,WS,67,F,,10,0,,26,0,,8,0,,14,0,,30,0,,13,0,,20,0,,22,0,,11,0,,15,0,15,8,0,8,,10,0,10,,14,0,14,,51,0,51,,30,0,30,,3,0,3,,11,0,11,,4,0,4,,16,0,16,,9,0,9,8,0,8,1,0,1,2,0,2,2,0,2,0,0,11,5,690,333,0,,333,333
ID_12CA2A95A4A53312,WS,68,F,,10,0,,3,24,,1,6,,2,11,,9,16,,8,3,,20,0,,12,14,,3,7,,7,11,18,1,5,6,,2,14,16,,5,11,16,,25,28,53,,9,21,30,,2,2,4,,4,2,6,,2,0,2,,7,1,8,,2,0,2,1,2,3,1,0,1,1,0,1,0,0,0,0,0,0,4,690,135,178,,178,313
ID_D9EE1E5AA8826570,WS,68,M,,9,0,,18,0,,9,0,,13,0,,34,0,,15,0,,17,0,,25,0,,6,0,,9,0,9,3,0,3,,13,0,13,,10,0,10,,22,0,22,,7,0,7,0,0,0,0,0,0,0,0,0,0,0,0,0,0,0,0,0,0,0,0,0,0,0,0,0,0,1,0,1,1,0,1,0,0,0,1,690,210,0,,210,210
ID_438A15F82EEE186D,WG,68,F,1,3,0,7,7,7,3,0,2,2,3,2,1,11,5,8,3,2,8,5,3,7,5,6,10,4,2,5,1,6,,0,0,,1,3,3,7,7,7,1,15,27,8,7,42,8,5,9,22,2,0,1,3,2,2,0,4,,0,2,2,6,2,0,8,,0,2,2,0,0,0,,,0,,,,,,,,,,,396,69,60,,69,129
ID_CEBD1F6C4348C78C,WS,69,M,,6,0,,24,0,,12,0,,12,0,,37,0,,16,0,,22,0,,34,0,,20,0,,22,0,22,9,0,9,,18,0,18,,13,0,13,,16,0,16,,27,0,27,0,0,0,0,0,0,0,0,0,0,0,0,,8,0,8,,3,0,3,0,0,0,0,0,0,3,0,3,1,0,1,0,0,1,4,690,299,0,,299,299
ID_D41E98DA729B8099,WS,69,F,,12,0,,43,0,,12,0,,18,0,,56,0,,25,0,,27,0,,45,0,,31,0,,27,0,27,16,0,16,,23,0,23,,23,0,23,,101,0,101,,63,0,63,,5,0,5,,9,0,9,,3,0,3,,13,0,13,,6,0,6,7,0,7,1,0,1,4,0,4,3,0,3,2,0,18,4,690,565,0,,565,565
ID_25BD162EE86A26E8,WS,69,F,,10,0,,23,0,,6,0,,8,0,,19,0,,7,0,,17,0,,23,0,,11,0,,8,0,8,9,0,9,,16,0,16,,18,0,18,,38,0,38,,17,0,17,0,0,0,0,,2,0,2,,2,0,2,,5,0,5,,3,0,3,2,0,2,1,0,1,2,0,2,1,0,1,0,0,7,4,690,244,0,,244,244
ID_A21D4AF57CBDF0CA,WG,69,M,2,10,0,4,2,12,4,0,5,4,0,4,21,2,6,12,2,0,19,1,0,1,0,0,22,0,0,18,1,0,,0,0,,8,2,0,10,7,10,0,17,21,0,7,28,10,2,7,19,1,0,0,1,2,2,0,4,0,0,0,0,,0,5,5,0,0,0,0,0,0,0,,,0,,,,,,,,,,,396,34,46,,46,80
ID_F388D5CE5C44DB12,WS,70,F,,9,0,,21,9,,5,3,,3,9,,25,0,,13,0,,15,1,,18,1,,10,0,,10,1,11,9,0,9,,13,1,14,,13,2,15,,24,4,28,,16,3,19,0,0,0,0,,4,1,5,,1,0,1,,1,6,7,,2,0,2,0,0,0,0,0,0,2,0,2,0,0,0,0,0,0,4,690,212,41,,212,253
ID_55702C946C4F107F,WS,70,F,,11,0,,37,0,,11,0,,14,0,,51,0,,22,0,,24,0,,45,0,,26,0,,25,0,25,12,0,12,,19,0,19,,16,0,16,,75,0,75,,35,0,35,,9,0,9,,6,0,6,,1,0,1,,17,0,17,,4,0,4,0,0,0,1,0,1,3,0,3,4,0,4,0,0,0,2,690,460,0,,460,460
ID_19181AF0B2868A00,WS,70,M,,11,0,,19,0,,8,0,,9,0,,23,0,,8,0,,16,0,,15,0,,7,0,,11,0,11,5,0,5,,9,0,9,,8,0,8,,27,0,27,,10,0,10,,2,0,2,,3,0,3,,2,0,2,,8,0,8,,2,0,2,1,0,1,0,0,0,2,0,2,2,0,2,0,0,2,3,690,204,0,,204,204
ID_8699D38FC04D35C7,WS,70,F,,8,0,,4,0,,1,0,,4,0,,11,0,,4,0,,9,0,,6,0,,5,0,0,0,0,0,0,0,0,,5,0,5,,10,0,10,,4,0,4,,3,0,3,0,0,0,0,0,0,0,0,0,0,0,0,,5,0,5,0,0,0,0,1,0,1,0,0,0,0,0,0,0,0,0,0,0,1,5,690,80,0,,80,80
ID_AA120147B7C2708C,WS,71,F,,11,0,,40,0,,7,0,,8,0,,25,0,,15,0,,14,0,,13,0,,5,0,,6,0,6,5,0,5,,9,0,9,,10,0,10,,22,0,22,,19,0,19,0,0,0,0,,5,0,5,,1,0,1,,1,0,1,,2,0,2,1,0,1,0,0,0,1,0,1,0,0,0,0,0,0,2,690,219,0,,219,219
ID_08ACFFDDD10BB1A1,WS,71,M,,12,0,,35,0,,10,0,,15,0,,42,0,,22,0,,26,0,,30,0,,22,0,,21,0,21,15,0,15,,27,0,27,,23,0,23,,86,0,86,,69,0,69,,6,0,6,,14,0,14,,7,0,7,,17,0,17,,10,0,10,13,0,13,4,0,4,5,0,5,11,0,11,3,0,24,5,690,522,0,,522,522
ID_CEBD1F6C4348C78C,WS,71,M,,7,0,,25,0,,12,0,,18,0,,41,0,,20,0,,21,0,,33,0,,22,0,,20,0,20,4,0,4,,14,0,14,,18,0,18,,28,0,28,,22,0,22,,6,0,6,,3,0,3,0,0,0,0,,9,0,9,,3,0,3,0,0,0,0,0,0,2,0,2,0,0,0,0,0,1,3,690,326,0,,326,326
ID_6F9C6AF1F5611DD5,WS,71,M,,12,0,,27,0,,12,0,,8,0,,31,0,,13,0,,20,0,,19,0,,11,0,,11,0,11,6,0,6,,9,0,9,,13,0,13,,22,0,22,,22,0,22,,3,0,3,0,0,0,0,,1,0,1,,6,0,6,,3,0,3,1,0,1,0,0,0,1,0,1,0,0,0,0,0,0,2,690,250,0,,250,250
ID_8483907ED5E3FCE8,WS,71,F,,12,0,,39,0,,14,0,,18,0,,59,0,,28,0,,25,0,,45,0,,30,0,,29,0,29,19,0,19,,26,0,26,,25,0,25,,95,0,95,,40,0,40,,6,0,6,,11,0,11,,2,0,2,,7,0,7,,3,0,3,4,0,4,0,0,0,2,0,2,6,0,6,0,4,10,14,690,537,0,,537,537
ID_171BD3C1A056A143,WG,71,M,,10,0,,17,0,,8,0,,8,0,,17,0,,9,0,,11,0,,13,0,7,11,0,,19,0,,0,0,,,8,0,8,,12,0,12,3,23,0,26,,11,0,11,0,0,0,0,,1,0,1,,2,0,2,,5,0,5,,1,0,1,0,0,0,,,0,,,,,,,,,,,396,186,0,,186,186
ID_5449214E8F91EEAE,WS,72,M,,7,0,,19,0,,6,0,,6,0,,18,0,,11,0,,12,0,,11,0,,10,0,,6,0,6,5,0,5,,12,0,12,,10,0,10,,16,0,16,,14,0,14,0,0,0,0,,1,0,1,0,0,0,0,,2,0,2,,2,0,2,0,0,0,0,0,0,2,0,2,1,0,1,0,0,0,2,690,168,0,,168,168
ID_678C81850751BC89,WS,72,M,,7,0,,7,0,,4,0,,2,0,,5,0,,2,0,,3,0,,4,0,,3,0,0,0,0,0,1,0,1,,7,0,7,,7,0,7,,1,0,1,,5,0,5,0,0,0,0,0,0,0,0,0,0,0,0,,2,0,2,,2,0,2,0,0,0,0,0,0,0,0,0,0,0,0,0,0,0,1,690,62,0,,62,62
ID_EF7EDC95422168DA,WS,72,M,,9,0,,13,0,,10,0,,9,0,,30,0,,18,0,,24,0,,41,0,,19,0,,12,0,12,7,0,7,,15,0,15,,16,0,16,,60,0,60,,26,0,26,,1,0,1,0,0,0,0,,1,0,1,0,0,0,0,0,0,0,0,1,0,1,0,0,0,0,0,0,0,0,0,0,0,0,2,690,312,0,,312,312
ID_438A15F82EEE186D,WS,72,F,,6,0,,14,7,,4,3,,6,0,,21,4,,6,0,,13,0,,12,6,,4,3,,6,3,9,0,4,4,,8,4,12,,9,1,10,,28,9,37,,15,8,23,,1,0,1,,4,0,4,,0,1,1,,4,0,4,,2,0,2,0,0,0,0,0,0,2,0,2,1,0,1,0,0,0,2,690,163,53,,163,216
ID_5449214E8F91EEAE,WG,72,M,,8,0,7,17,1,,4,1,,7,0,8,15,0,2,13,0,5,14,0,16,11,0,3,11,0,5,15,0,,0,0,,1,8,0,9,6,10,0,16,40,14,1,55,12,13,3,28,7,0,0,7,,2,0,2,2,0,0,2,7,2,0,9,2,2,0,4,0,0,0,0,0,0,,,,,,,,,,,396,166,6,,166,172
ID_446193E885D53A74,WS,73,F,,6,0,,16,1,,6,2,,5,0,,19,0,,6,0,,15,0,,14,1,,7,0,,4,0,4,3,0,3,,11,0,11,,15,0,15,,13,0,13,,8,1,9,,12,2,14,,2,0,2,0,0,0,0,,4,0,4,,1,0,1,0,0,0,1,0,1,0,0,0,0,0,0,0,0,0,1,690,167,7,,167,174
ID_C3FC1C1636CF96D0,WS,73,M,,6,0,,9,6,,4,4,,5,1,,17,1,,7,2,,3,0,,9,5,,4,1,,3,1,4,2,1,3,,9,0,9,,9,0,9,,5,2,7,,7,2,9,,1,0,1,,1,0,1,0,0,0,0,,3,0,3,,3,0,3,0,0,0,0,0,0,1,0,1,0,0,0,0,0,0,3,690,107,26,,107,133
ID_1AD4AA0F10B579B6,WS,73,F,,12,0,,40,0,,14,0,,18,0,,58,0,,28,0,,27,0,,48,0,,32,0,,30,0,30,20,0,20,,28,0,28,,24,0,24,,100,0,100,,60,0,60,,11,0,11,,21,0,21,,6,0,6,,24,0,24,,16,0,16,19,0,19,6,0,6,3,0,3,9,0,9,5,0,9,10,690,636,0,,636,636
ID_C5EE6DFEF605FE3A,WS,74,F,,9,0,,41,0,,10,0,,13,0,,42,0,,18,0,,23,0,,30,0,,17,0,,22,0,22,14,0,14,,4,0,4,,15,0,15,,69,0,69,,46,0,46,,9,0,9,,10,0,10,,3,0,3,,16,0,16,,8,0,8,10,0,10,1,0,1,2,0,2,5,0,5,0,0,14,8,690,429,0,,429,429
ID_F4AB6BF70F8B9952,WS,74,M,,8,0,,26,0,,12,0,,17,0,,41,0,,24,0,,22,0,,46,0,,25,0,,22,0,22,14,0,14,,12,0,12,,18,0,18,,73,0,73,,56,0,56,,4,0,4,,5,0,5,0,0,0,0,,3,0,3,0,0,0,0,1,0,1,0,0,0,1,0,1,5,0,5,0,0,3,3,690,429,0,,429,429
ID_4024FD146B590EE7,WS,74,M,,11,0,,14,0,,11,0,,14,0,,35,0,,17,0,,22,0,,38,0,,19,0,,19,0,19,12,0,12,,17,0,17,,18,0,18,,67,0,67,,24,0,24,,3,0,3,,8,0,8,,4,0,4,,7,0,7,,1,0,1,2,0,2,0,0,0,4,0,4,1,0,1,0,0,2,3,690,363,0,,363,363
ID_BC41EAF6E15C7EEF,WS,74,M,,12,0,,35,0,,10,0,,12,0,,22,0,,12,0,,24,0,,33,0,,15,0,,19,0,19,13,0,13,,16,0,16,,19,0,19,,74,0,74,,32,0,32,,5,0,5,,3,0,3,0,0,0,0,,1,0,1,,3,0,3,0,0,0,2,0,2,1,0,1,1,0,1,0,0,0,6,690,360,0,,360,360
ID_136F91F56F9190AB,WG,74,F,4,8,0,,33,0,,9,0,,8,0,,27,0,,19,0,,19,0,2,32,0,,8,0,3,19,0,,0,0,,1,12,0,13,1,14,0,15,13,42,0,55,2,34,0,36,1,1,0,2,,3,0,3,,2,0,2,3,7,0,10,,2,0,2,0,0,0,0,0,0,,,,,,,,,,,396,299,0,,299,299
ID_C64B83BB09DCB78F,WS,75,M,,12,0,,31,0,,12,0,,13,0,,30,0,,18,0,,19,0,,31,0,,18,0,,23,0,23,15,0,15,,21,0,21,,18,0,18,,44,0,44,,39,0,39,,4,0,4,,3,0,3,0,0,0,0,,8,0,8,,5,0,5,1,0,1,0,0,0,3,0,3,0,0,0,0,0,8,4,690,365,0,,365,365
ID_DF6373A186AA29AF,WS,75,F,,12,0,,43,0,,10,0,,12,0,,62,0,,25,0,,26,0,,49,0,,30,0,,28,0,28,21,0,21,,29,0,29,,25,0,25,,103,0,103,,63,0,63,,12,0,12,,18,0,18,,7,0,7,,26,0,26,,16,0,16,17,0,17,6,0,6,3,0,3,14,0,14,0,0,22,6,690,634,0,,634,634
ID_3F951C3E55027D77,WS,75,F,,11,0,,36,0,,12,0,,18,0,,57,0,,27,0,,26,0,,46,0,,31,0,,29,0,29,20,0,20,,26,0,26,,25,0,25,,99,0,99,,61,0,61,,11,0,11,,19,0,19,,5,0,5,,23,0,23,,8,0,8,13,0,13,0,0,0,4,0,4,19,0,19,3,1,30,9,690,603,0,,603,603
ID_517815C288C8D043,WS,75,M,,10,0,,30,0,,9,0,,7,0,,22,0,,10,0,,16,0,,12,0,,8,0,,11,0,11,7,0,7,,12,0,12,,11,0,11,,12,0,12,,11,0,11,,1,0,1,,1,0,1,0,0,0,0,,4,0,4,,1,0,1,0,0,0,0,0,0,1,0,1,0,0,0,0,0,0,4,690,195,0,,195,195
ID_8F777C9A0ABBA22B,WG,75,M,,12,0,7,28,0,,9,0,,8,0,2,19,0,1,9,0,6,13,0,14,21,0,6,12,0,6,17,0,,0,0,,8,11,0,19,,16,0,16,38,17,0,55,16,16,0,32,8,0,0,8,8,3,0,11,4,2,0,6,7,4,0,11,4,4,0,8,0,0,0,0,0,0,,,,,,,,,,,396,221,0,,221,221
ID_E33ADE657109EBB8,WS,76,F,,12,0,,32,0,,11,0,,17,0,,37,0,,17,0,,23,0,,31,0,,20,0,,24,0,24,15,0,15,,22,0,22,,17,0,17,,73,0,73,,53,0,53,,9,0,9,,13,0,13,0,0,0,0,,11,0,11,,6,0,6,8,0,8,1,0,1,2,0,2,2,0,2,0,0,11,3,690,451,0,,451,451
ID_A29A48CCFC649F48,WS,76,M,,11,0,,33,0,,9,0,,11,0,,32,0,,13,0,,23,0,,30,0,,12,0,,18,0,18,9,0,9,,15,0,15,,20,0,20,,59,0,59,,33,0,33,,1,0,1,,7,0,7,,7,0,7,,10,0,10,,5,0,5,4,0,4,0,0,0,0,0,0,1,0,1,0,0,4,4,690,362,0,,362,362
ID_EC374F22A830F500,WS,77,F,,12,0,,36,0,,12,0,,17,0,,17,0,,23,0,,22,0,,43,0,,26,0,,28,0,28,18,0,18,,25,0,25,,24,0,24,,91,0,91,,48,0,48,,4,0,4,,5,0,5,,3,0,3,,14,0,14,,9,0,9,7,0,7,1,0,1,3,0,3,2,0,2,3,0,8,7,690,484,0,,484,484
ID_8F777C9A0ABBA22B,WS,78,M,,12,0,,29,0,,12,0,,12,0,,33,0,,10,0,,16,0,,28,0,,13,0,,14,0,14,9,0,9,,15,0,15,,18,0,18,,32,0,32,,20,0,20,0,0,0,0,,6,0,6,,3,0,3,,8,0,8,,5,0,5,4,0,4,1,0,1,2,0,2,4,0,4,3,2,1,3,690,299,0,,299,299
ID_E33ADE657109EBB8,WS,78,F,,8,0,,6,11,,0,7,,0,5,,5,8,,0,4,,3,0,,2,10,,0,5,,0,9,9,0,5,5,,0,12,12,,2,8,10,,1,19,20,,0,14,14,0,0,0,0,,0,3,3,,0,1,1,,0,2,2,,0,3,3,0,0,0,0,0,0,0,2,2,0,0,0,0,0,0,3,690,27,126,,126,153
ID_8D635ED0A09BE3A4,WS,78,M,,8,0,,27,0,,9,0,,15,0,,31,0,,11,0,,22,0,,30,0,,14,0,,18,0,18,10,0,10,,14,0,14,,14,0,14,,58,0,58,,43,0,43,,9,0,9,,15,0,15,,6,0,6,,19,0,19,,11,0,11,16,0,16,6,0,6,3,0,3,1,0,1,0,0,14,5,690,400,0,,400,400
ID_5B0601A79EABF095,WS,78,M,,11,0,,40,0,,10,0,,16,0,,52,0,,19,0,,25,0,,35,0,,21,0,,24,0,24,7,0,7,,26,0,26,,18,0,18,,74,0,74,,47,0,47,,6,0,6,,8,0,8,,3,0,3,,12,0,12,,7,0,7,6,0,6,2,0,2,3,0,3,0,0,0,0,1,10,9,690,467,0,,467,467
ID_58F30389FDB40F6E,WG,78,M,1,4,0,3,0,1,1,3,1,4,2,1,13,7,1,11,0,0,17,0,0,22,0,0,14,2,0,11,0,0,,0,0,,7,0,0,7,9,0,0,9,40,0,0,40,17,0,0,17,3,0,0,3,0,0,0,0,1,0,0,1,4,0,0,4,1,0,0,1,0,0,0,0,0,0,,,,,,,,,,,396,18,4,179,179,22
ID_450032BBC516BA39,WS,79,F,,11,0,,27,0,,8,0,,16,0,,38,0,,23,0,,26,0,,34,0,,17,0,,19,0,19,12,0,12,,19,0,19,,15,0,15,,51,0,51,,40,0,40,,6,0,6,,5,0,5,,2,0,2,,7,0,7,,6,0,6,4,0,4,0,0,0,2,0,2,0,0,0,0,0,23,7,690,386,0,,386,386
ID_CEBD1F6C4348C78C,WS,80,M,,3,0,,24,0,,12,0,,9,0,,30,0,,15,0,,4,0,,18,0,,11,0,,16,0,16,9,0,9,,15,0,15,,13,0,13,,20,0,20,,11,0,11,,2,0,2,,1,0,1,0,0,0,0,,5,0,5,,2,0,2,0,0,0,0,0,0,0,0,0,0,0,0,0,0,0,3,690,220,0,,220,220
ID_6320F43B876D9923,WS,80,M,,11,0,,25,0,,7,0,,9,0,,34,0,,7,0,,18,0,,20,0,,11,0,,12,0,12,4,0,4,,15,0,15,,16,0,16,,27,0,27,,21,0,21,,1,0,1,,4,0,4,0,0,0,0,,6,0,6,,3,0,3,2,0,2,0,0,0,1,0,1,1,0,1,0,0,1,4,690,253,0,,253,253
ID_DBA4B63329BFE0B7,WS,81,M,,10,0,,34,0,,12,0,,16,0,,48,0,,22,0,,22,0,,40,0,,21,0,,24,0,24,14,0,14,,27,0,27,,18,0,18,,88,0,88,,54,0,54,,10,0,10,,20,0,20,,4,0,4,,17,0,17,,13,0,13,14,0,14,4,0,4,3,0,3,9,0,9,0,1,17,11,690,528,0,,528,528
ID_FC82A93593817536,WS,81,M,,0,11,,0,36,,0,13,,0,17,,0,33,,0,14,,0,22,,0,38,,0,12,,0,16,16,0,8,8,,0,14,14,,0,19,19,,0,34,34,,0,32,32,0,0,0,0,,0,3,3,,0,4,4,,0,6,6,,0,3,3,0,0,0,0,0,0,0,3,3,0,7,7,0,0,0,7,690,0,335,,335,335
ID_BC093E0C2BF2DAA0,WG,81,F,,11,0,1,27,0,2,7,0,,8,0,1,24,0,2,17,0,,19,0,3,31,0,4,17,0,3,21,0,,0,0,,1,12,0,13,1,17,0,18,10,45,0,55,9,28,0,37,,8,0,8,1,10,0,11,2,3,0,5,3,8,0,11,5,3,0,8,0,0,0,0,0,0,,,,,,,,,,,396,316,0,,316,316
ID_808F25E7146A5F7A,WS,82,M,,12,0,,37,0,,13,0,,18,0,,41,0,,16,0,,18,0,,39,0,,23,0,,27,0,27,15,0,15,,22,0,22,,19,0,19,,72,0,72,,43,0,43,,7,0,7,,12,0,12,,1,0,1,,13,0,13,,5,0,5,9,0,9,1,0,1,4,0,4,7,0,7,0,0,9,6,690,462,0,,462,462
ID_7EAE0FE7F3162460,WS,83,M,,4,0,,22,0,,11,0,,11,0,,27,0,,7,0,,14,0,,20,0,,10,0,,13,0,13,6,0,6,,13,0,13,,14,0,14,,16,0,16,,9,0,9,0,0,0,0,,2,0,2,,1,0,1,,6,0,6,0,0,0,0,0,0,0,0,0,0,1,0,1,0,0,0,0,0,0,1,690,206,0,,206,206
ID_709EB07EBB860B20,WS,83,F,,11,0,,33,0,,10,0,,18,0,,46,0,,24,0,,24,0,,41,0,,21,0,,24,0,24,14,0,14,,22,0,22,,23,0,23,,93,0,93,,55,0,55,,9,0,9,,55,0,55,,9,0,9,,16,0,16,,11,0,11,20,0,20,3,0,3,5,0,5,5,0,5,0,3,24,8,690,579,0,,579,579
ID_5449214E8F91EEAE,WS,83,M,,9,0,,22,0,,6,0,,12,0,,38,0,,16,0,,22,0,,28,0,,16,0,,12,0,12,9,0,9,,17,0,17,,15,0,15,,41,0,41,,27,0,27,,4,0,4,,2,0,2,,1,0,1,,4,0,4,,1,0,1,1,0,1,1,0,1,2,0,2,1,0,1,0,0,9,5,690,303,0,,303,303
ID_3FDB6DDF53692CBD,WS,83,M,,9,0,,35,0,,11,0,,17,0,,48,0,,20,0,,20,0,,42,0,,25,0,,26,0,26,16,0,16,,22,0,22,,22,0,22,,84,0,84,,50,0,50,,11,0,11,,17,0,17,,3,0,3,,19,0,19,,13,0,13,14,0,14,2,0,2,3,0,3,13,0,13,0,0,30,7,690,524,0,,524,524
ID_C4179205B098FF1F,WS,83,F,,12,0,,43,0,,12,0,,18,0,,59,0,,26,0,,24,0,,49,0,,30,0,,28,0,28,19,0,19,,25,0,25,,25,0,25,,101,0,101,,62,0,62,,12,0,12,,20,0,20,,7,0,7,,21,0,21,,14,0,14,13,0,13,2,0,2,3,0,3,11,0,11,0,4,25,12,690,620,0,,620,620
ID_9570ED2A4247BEBD,WS,83,M,,11,0,,24,0,,11,0,,6,0,,21,0,,5,0,,19,0,,17,0,,8,0,,14,0,14,7,0,7,,16,0,16,,10,0,10,,32,0,32,,33,0,33,,3,0,3,,6,0,6,,3,0,3,,9,0,9,,3,0,3,1,0,1,1,0,1,0,0,0,1,0,1,0,0,0,3,690,259,0,,259,259
ID_CED62EF8FF702529,WS,83,F,,2,0,,1,14,,0,4,,2,2,,0,16,0,0,0,,0,12,,0,4,0,0,0,,0,3,3,0,0,0,,3,3,6,,5,5,10,,0,12,12,,0,16,16,0,0,0,0,0,0,0,0,0,0,0,0,0,0,0,0,0,0,0,0,0,0,0,0,0,0,0,0,0,0,0,0,0,0,0,1,690,13,91,,91,104
ID_A21D4AF57CBDF0CA,WS,84,M,,7,0,,9,2,,6,0,,2,0,,17,7,,6,0,,4,0,,3,0,,6,0,,2,0,2,3,0,3,,4,0,4,,7,0,7,0,0,0,0,,4,1,5,0,0,0,0,0,0,0,0,0,0,0,0,0,0,0,0,0,0,0,0,0,0,0,0,0,0,0,0,0,0,0,0,0,0,0,5,690,80,10,,80,90
ID_31D2868F304E5704,WS,84,F,,9,0,,41,0,,14,0,,18,0,,58,0,,26,0,,25,0,,46,0,,28,0,,29,0,29,19,0,19,,27,0,27,,23,0,23,,100,0,100,,66,0,66,,11,0,11,,22,0,22,,7,0,7,,22,0,22,,13,0,13,16,0,16,2,0,2,4,0,4,13,0,13,1,4,37,7,690,620,0,,620,620
ID_0D04CBDA6762F316,WS,84,F,,9,0,,38,0,,13,0,,18,0,,58,0,,27,0,,25,0,,45,0,,25,0,,27,0,27,20,0,20,,26,0,26,,19,0,19,,99,0,99,,55,0,55,,12,0,12,,21,0,21,,7,0,7,,24,0,24,,13,0,13,10,0,10,2,0,2,3,0,3,0,0,0,1,0,34,6,690,591,0,,591,591
ID_5D931506A18A463E,WS,84,F,,10,0,,36,0,,12,0,,10,0,,51,0,,25,0,,26,0,,44,0,,26,0,,27,0,27,18,0,18,,26,0,26,,21,0,21,,102,0,102,,62,0,62,,12,0,12,,25,0,25,,6,0,6,,26,0,26,,17,0,17,21,0,21,6,0,6,4,0,4,14,0,14,1,6,27,10,690,603,0,,603,603
ID_160E2F7C406EC752,WS,84,M,,12,0,,38,0,,11,0,,17,0,,49,0,,23,0,,25,0,,44,0,,28,0,,27,0,27,18,0,18,,27,0,27,,22,0,22,,102,0,102,,62,0,62,,12,0,12,,25,0,25,,7,0,7,,25,0,25,,17,0,17,21,0,21,6,0,6,5,0,5,20,0,20,1,2,37,8,690,612,0,,612,612
ID_D765D7AEA17F1CC3,WS,84,F,,12,0,,36,0,,14,0,,18,0,,60,0,,26,0,,25,0,,49,0,,32,0,,29,0,29,20,0,20,,26,0,26,,23,0,23,,103,0,103,,62,0,62,,12,0,12,,14,0,14,,7,0,7,,20,0,20,,13,0,13,13,0,13,3,0,3,4,0,4,13,0,13,2,1,37,9,690,614,0,,614,614
ID_349D3456D2D98810,WS,84,F,,11,0,,33,0,,9,0,,17,0,,33,0,,18,0,,22,0,,33,0,,14,0,,19,0,19,12,0,12,,16,0,16,,15,0,15,,52,0,52,,27,0,27,0,0,0,0,,5,0,5,0,0,0,0,,6,0,6,,3,0,3,2,0,2,0,0,0,2,0,2,0,0,0,0,0,0,2,690,347,0,,347,347
ID_A6AD10082BB3D944,WS,84,F,,10,0,,21,0,,6,0,,8,0,,26,0,,12,0,,16,0,,18,0,,12,0,,11,0,11,7,0,7,,12,0,12,,13,0,13,,30,0,30,,22,0,22,0,0,0,0,,3,0,3,,4,0,4,,5,0,5,,3,0,3,1,0,1,0,0,0,2,0,2,0,0,0,0,0,4,5,690,240,0,,240,240
ID_678C81850751BC89,WS,85,M,,12,0,,20,4,,4,1,,4,3,,10,5,,2,1,,4,1,,4,5,,5,0,,3,3,6,3,0,3,,4,1,5,,10,0,10,,7,4,11,,6,3,9,,0,4,4,,0,1,1,0,0,0,0,,2,0,2,,1,0,1,0,0,0,0,0,0,0,0,0,0,1,1,0,0,0,1,690,101,36,,101,137
ID_446193E885D53A74,WS,85,F,,2,0,,14,1,,3,2,,8,1,,13,0,,6,0,,14,0,,10,6,,7,0,,4,0,4,3,0,3,,9,1,10,,11,0,11,,9,0,9,,7,5,12,,3,0,3,,3,2,5,,1,0,1,,7,2,9,,0,1,1,0,0,0,0,0,0,0,0,0,0,0,0,0,0,0,2,690,134,21,,134,155
ID_48C04BEF7B948D16,WS,85,M,,12,0,,42,0,,14,0,,18,0,,56,0,,27,0,,26,0,,49,0,,32,0,,31,0,31,19,0,19,,29,0,29,,25,0,25,,103,0,103,,61,0,61,,12,0,12,,25,0,25,,7,0,7,,26,0,26,,17,0,17,21,0,21,6,0,6,4,0,4,17,0,17,0,0,24,10,690,652,0,,652,652
ID_04A8AA1CDCCD5E67,WS,85,M,,4,0,,29,0,,12,0,,10,0,,33,0,,13,0,,25,0,,44,0,,28,0,,27,0,27,7,0,7,,14,0,14,,12,0,12,,32,0,32,,10,0,10,,1,0,1,,3,0,3,0,0,0,0,0,0,0,0,0,0,0,0,2,0,2,1,0,1,2,0,2,0,0,0,0,0,0,5,690,306,0,,306,306
ID_8362BEF7D7D84B06,WS,86,M,,11,0,,37,0,,12,0,,16,0,,46,0,,19,0,,23,0,,35,0,,23,0,,24,0,24,16,0,16,,23,0,23,,17,0,17,,83,0,83,,54,0,54,,7,0,7,,8,0,8,,4,0,4,,18,0,18,,11,0,11,8,0,8,1,0,1,4,0,4,3,0,3,0,0,12,7,690,495,0,,495,495
ID_C525BBCE747BF9F6,WS,87,F,,6,0,,27,0,,11,0,,13,0,,18,0,,13,0,,18,0,,13,0,,24,0,,23,0,23,16,0,16,,19,0,19,,10,0,10,,15,0,15,,23,0,23,,3,0,3,,15,0,15,,4,0,4,,19,0,19,,5,0,5,5,0,5,4,0,4,4,0,4,8,0,8,0,0,0,2,690,300,0,,300,300
ID_C64B83BB09DCB78F,WS,87,M,,11,0,,23,0,,12,0,,14,0,,33,0,,20,0,,23,0,,42,0,,26,0,,26,0,26,18,0,18,,26,0,26,,22,0,22,,92,0,92,,77,0,77,,8,0,8,,4,0,4,,5,0,5,,9,0,9,,9,0,9,5,0,5,1,0,1,2,0,2,1,0,1,0,1,9,2,690,505,0,,505,505
ID_E33ADE657109EBB8,WS,88,F,,12,0,,4,0,,11,0,,18,0,,45,0,,21,0,,24,0,,40,0,,22,0,,26,0,26,16,0,16,,20,0,20,,20,0,20,,89,0,89,,51,0,51,,11,0,11,,15,0,15,,6,0,6,,13,0,13,,8,0,8,11,0,11,1,0,1,4,0,4,9,0,9,0,0,21,5,690,483,0,,483,483
ID_37166C5AC1CD8EB7,WS,88,M,,7,0,,36,0,,11,0,,17,0,,61,0,,27,0,,26,0,,50,0,,32,0,,29,0,29,18,0,18,,27,0,27,,23,0,23,,99,0,99,,61,0,61,,12,0,12,,21,0,21,,2,0,2,,17,0,17,,12,0,12,21,0,21,6,0,6,3,0,3,17,0,17,0,0,12,7,690,609,0,,609,609
ID_D21E5B9CB3372979,WS,88,M,,9,0,,27,0,,8,0,,8,0,,33,0,,10,0,,20,0,,32,0,,13,0,,23,0,23,7,0,7,,10,0,10,,13,0,13,,33,0,33,,24,0,24,,3,0,3,,4,0,4,,1,0,1,,2,0,2,,3,0,3,1,0,1,0,0,0,1,0,1,0,0,0,0,0,1,5,690,284,0,,284,284
ID_8F0AEF6427DDA985,WS,88,M,,6,4,,28,6,,12,0,,17,0,,37,0,,15,0,,16,0,,17,7,,10,3,,12,3,15,7,4,11,,14,3,17,,14,3,17,,26,31,57,,26,7,33,,0,4,4,,9,0,9,,2,0,2,,10,8,18,,5,3,8,7,0,7,0,0,0,1,0,1,3,1,4,0,0,0,3,690,290,86,,290,376
ID_801C849D7EEF5891,WS,89,M,,12,0,,38,0,,13,0,,17,0,,46,0,,20,0,,20,0,,37,0,,17,0,,23,0,23,17,0,17,,26,0,26,,18,0,18,,76,0,76,,55,0,55,,6,0,6,,21,0,21,,3,0,3,,13,0,13,,13,0,13,15,0,15,1,0,1,5,0,5,13,0,13,0,2,23,9,690,506,0,,506,506
ID_A29A48CCFC649F48,WS,90,M,,10,0,,36,0,,9,0,,13,0,,46,0,,20,0,,25,0,,37,0,,19,0,,24,0,24,15,0,15,,21,0,21,,23,0,23,,84,0,84,,50,0,50,,7,0,7,,10,0,10,,6,0,6,,12,0,12,,6,0,6,10,0,10,2,0,2,2,0,2,1,0,1,1,0,10,4,690,483,0,,483,483
ID_20446C8714DC5578,WS,90,F,,12,0,,34,0,,11,0,,15,0,,42,0,,22,0,,25,0,,34,0,,21,0,,22,0,22,16,0,16,,21,0,21,,16,0,16,,64,0,64,,41,0,41,,2,0,2,,3,0,3,0,0,0,0,,8,0,8,,4,0,4,3,0,3,0,0,0,2,0,2,8,0,8,0,0,5,6,690,416,0,,416,416
ID_CFF72571AB500F0B,WS,90,M,,12,0,,33,0,,10,0,,18,0,,52,0,,24,0,,25,0,,54,0,,22,0,,25,0,25,19,0,19,,25,0,25,,22,0,22,,83,0,83,,45,0,45,,7,0,7,,8,0,8,,4,0,4,,15,0,15,,8,0,8,13,0,13,1,0,1,2,0,2,2,0,2,0,7,9,8,690,524,0,,524,524
ID_DF6373A186AA29AF,WS,91,F,,12,0,,43,0,,14,0,,18,0,,65,0,,27,0,,27,0,,50,0,,33,0,,30,0,30,22,0,22,,29,0,29,,25,0,25,,103,0,103,,63,0,63,,12,0,12,,25,0,25,,7,0,7,,26,0,26,,17,0,17,21,0,21,6,0,6,5,0,5,20,0,20,0,0,27,11,690,669,0,,669,669
ID_0F955611954A323A,WS,91,M,,11,0,,36,0,,11,0,,16,0,,50,0,,18,0,,21,0,,33,0,,24,0,,21,0,21,16,0,16,,20,0,20,,20,0,20,,94,0,94,,56,0,56,,3,0,3,,7,0,7,,5,0,5,,9,0,9,0,0,0,0,4,0,4,2,0,2,0,0,0,0,0,0,0,0,0,3,690,475,0,,475,475
ID_D51824B7D81196E2,WS,91,M,,11,0,,38,0,,9,0,,14,0,,46,0,,16,0,,23,0,,27,0,,15,0,,18,0,18,13,0,13,,19,0,19,,15,0,15,,41,0,41,,30,0,30,,1,0,1,,6,0,6,,2,0,2,,7,0,7,,1,0,1,5,0,5,1,0,1,2,0,2,0,0,0,0,0,2,4,690,357,0,,357,357
ID_808F25E7146A5F7A,WS,92,M,,11,0,,34,0,,13,0,,17,0,,53,0,,24,0,,22,0,,45,0,,27,0,,27,0,27,20,0,20,,27,0,27,,21,0,21,,86,0,86,,57,0,57,,10,0,10,,17,0,17,0,0,0,0,,22,0,22,,16,0,16,15,0,15,1,0,1,5,0,5,5,0,5,0,1,16,8,690,564,0,,564,564
ID_709EB07EBB860B20,WS,92,F,,11,0,,37,0,,12,0,,18,0,,47,0,,25,0,,25,0,,42,0,,24,0,,26,0,26,14,0,14,,27,0,27,,25,0,25,,100,0,100,,62,0,62,,11,0,11,,22,0,22,,6,0,6,,21,0,21,,15,0,15,20,0,20,3,0,3,5,0,5,10,0,10,0,3,32,9,690,590,0,,590,590
ID_83DFFDB0E82EA90C,WS,92,F,,12,0,,21,0,,10,0,,14,0,,47,0,,14,0,,20,0,,35,0,,23,0,,26,0,26,13,0,13,,16,0,16,,17,0,17,,94,0,94,,40,0,40,,8,0,8,,5,0,5,,4,0,4,,10,0,10,0,0,0,0,6,0,6,1,0,1,1,0,1,0,0,0,0,0,5,3,690,435,0,,435,435
ID_A0ADFAF4BC91B637,WS,92,M,,7,0,,19,0,,9,0,,9,0,,24,0,,13,0,,7,0,,14,0,,6,0,,9,0,9,8,0,8,,11,0,11,,10,0,10,,17,0,17,,23,0,23,0,0,0,0,,2,0,2,0,0,0,0,,7,0,7,,2,0,2,3,0,3,0,0,0,2,0,2,6,0,6,0,1,8,3,690,200,0,,200,200
ID_F49DDC16C05827D3,WS,93,M,,9,0,,7,20,,3,7,,7,4,,12,5,,5,1,,4,21,,8,14,,4,5,,6,13,19,4,6,10,,7,13,20,,10,6,16,,1,63,64,,8,27,35,,0,3,3,,3,1,4,,0,2,2,,3,8,11,,2,1,3,0,2,2,0,1,1,1,2,3,0,0,0,0,0,1,7,690,103,222,,222,325
ID_6320F43B876D9923,WS,94,M,,12,0,,31,0,,12,0,,15,0,,53,0,,21,0,,23,0,,40,0,,25,0,,28,0,28,16,0,16,,20,0,20,,23,0,23,,91,0,91,,51,0,51,,5,0,5,,13,0,13,,1,0,1,,11,0,11,,8,0,8,7,0,7,0,0,0,2,0,2,4,0,4,0,0,20,5,690,506,0,,506,506
ID_962339607230B754,WS,94,F,,9,0,,31,0,,8,0,,17,0,,51,0,,21,0,,23,0,,43,0,,21,0,,22,0,22,14,0,14,,22,0,22,,16,0,16,,93,0,93,,50,0,50,,8,0,8,,13,0,13,,4,0,4,,16,0,16,,8,0,8,11,0,11,5,0,5,1,0,1,9,0,9,1,0,15,7,690,501,0,,501,501
ID_BC093E0C2BF2DAA0,WS,95,F,,12,0,,37,0,,12,0,,18,0,,55,0,,24,0,,23,0,,35,0,,22,0,,21,0,21,14,0,14,,18,0,18,,25,0,25,,96,0,96,,53,0,53,,8,0,8,,13,0,13,,5,0,5,,16,0,16,,10,0,10,8,0,8,4,0,4,3,0,3,3,0,3,0,1,23,8,690,525,0,,525,525
ID_5449214E8F91EEAE,WS,95,M,,8,0,,23,0,,7,0,,11,0,,35,0,,13,0,,19,0,,28,0,,20,0,,16,0,16,9,0,9,,17,0,17,,18,0,18,,40,0,40,,24,0,24,,4,0,4,,5,0,5,,1,0,1,,7,0,7,,6,0,6,9,0,9,1,0,1,3,0,3,1,0,1,0,0,16,4,690,320,0,,320,320
ID_678C81850751BC89,WS,96,M,,10,0,,25,3,,6,2,,10,1,,14,18,,11,3,,9,7,,8,8,,10,5,,6,10,16,7,4,11,,9,2,11,,9,4,13,,6,22,28,,13,7,20,0,0,0,0,,2,0,2,0,0,0,0,,7,0,7,,3,0,3,1,0,1,0,0,0,0,4,4,0,3,3,0,0,0,3,690,166,96,,166,262
ID_7EAE0FE7F3162460,WS,98,M,,12,0,,27,0,,11,0,,9,0,,23,0,,5,0,,16,0,,15,0,,9,0,,3,0,3,3,0,3,,10,0,10,,20,0,20,,22,0,22,,19,0,19,,1,0,1,,2,0,2,,2,0,2,,6,0,6,0,0,0,0,0,0,0,0,0,0,0,0,0,0,0,0,0,0,0,4,690,215,0,,215,215
ID_D75118468D850CFD,WS,101,M,,12,0,,30,0,,12,0,,18,0,,55,0,,26,0,,25,0,,47,0,,29,0,,29,0,29,17,0,17,,26,0,26,,20,0,20,,89,0,89,,48,0,48,,5,0,5,,13,0,13,,2,0,2,,15,0,15,,11,0,11,10,0,10,1,0,1,4,0,4,3,0,3,3,3,28,8,690,539,0,,539,539
ID_A29A48CCFC649F48,WS,102,M,,12,0,,42,0,,13,0,,17,0,,49,0,,23,0,,25,0,,44,0,,19,0,,26,0,26,16,0,16,,25,0,25,,21,0,21,,86,0,86,,55,0,55,,8,0,8,,11,0,11,,7,0,7,,17,0,17,,8,0,8,15,0,15,1,0,1,3,0,3,8,0,8,0,2,15,4,690,539,0,,539,539
ID_709EB07EBB860B20,WS,104,F,,11,0,,37,0,,13,0,,18,0,,53,0,,25,0,,25,0,,45,0,,23,0,,26,0,26,15,0,15,,26,0,26,,25,0,25,,99,0,99,,62,0,62,,11,0,11,,22,0,22,,7,0,7,,21,0,21,,14,0,14,20,0,20,6,0,6,15,0,15,18,0,18,0,2,33,8,690,598,0,,598,598
ID_808F25E7146A5F7A,WS,106,M,,12,0,,37,0,,13,0,,18,0,,50,0,,23,0,,24,0,,44,0,,28,0,,28,0,28,19,0,19,,25,0,25,,17,0,17,,95,0,95,,61,0,61,,12,0,12,,24,0,24,,3,0,3,,26,0,26,,16,0,16,20,0,20,6,0,6,5,0,5,20,0,20,0,2,20,7,690,595,0,,595,595
ID_6320F43B876D9923,WS,107,M,,12,0,,33,0,,11,0,,18,0,,57,0,,19,0,,25,0,,44,0,,25,0,,29,0,29,17,0,17,,23,0,23,,22,0,22,,94,0,94,,59,0,59,,5,0,5,,9,0,9,,2,0,2,,18,0,18,,9,0,9,7,0,7,2,0,2,3,0,3,3,0,3,0,0,14,7,690,538,0,,538,538
ID_7EAE0FE7F3162460,WS,109,M,,12,0,,36,0,,12,0,,13,0,,34,0,,13,0,,24,0,,36,0,,17,0,,18,0,18,10,0,10,,21,0,21,,22,0,22,,64,0,64,,41,0,41,,5,0,5,,5,0,5,,3,0,3,,12,0,12,,3,0,3,2,0,2,0,0,0,0,0,0,0,0,0,0,0,0,6,690,403,0,,403,403
ID_DE7906A9708EED88,WS,115,F,,12,0,,43,0,,14,0,,18,0,,61,0,,27,0,,26,0,,49,0,,31,0,,31,0,31,19,0,19,,29,0,29,,25,0,25,,103,0,103,,63,0,63,,12,0,12,,25,0,25,,7,0,7,,26,0,26,,17,0,17,20,0,20,5,0,5,5,0,5,19,0,19,0,0,37,9,690,658,0,,658,658
